{"stats":{"minecraft:used":{"minecraft:netherite_axe":6},"minecraft:custom":{"minecraft:jump":58,"minecraft:time_since_rest":13112,"minecraft:damage_dealt":20,"minecraft:crouch_one_cm":67,"minecraft:play_time":13112,"minecraft:leave_game":2,"minecraft:sprint_one_cm":64494,"minecraft:damage_taken":220,"minecraft:time_since_death":13112,"minecraft:walk_one_cm":46179,"minecraft:sneak_time":91,"minecraft:total_world_time":13112,"minecraft:fall_one_cm":1047,"minecraft:fly_one_cm":12977}},"DataVersion":2975}