{"stats":{"minecraft:picked_up":{"minecraft:leather_boots":2,"minecraft:leather_chestplate":2,"minecraft:leather_leggings":1,"minecraft:leather_helmet":2},"minecraft:dropped":{"minecraft:leather_leggings":1,"minecraft:stone_sword":1,"minecraft:leather_chestplate":2,"minecraft:leather_helmet":2,"minecraft:leather_boots":2},"minecraft:custom":{"minecraft:jump":24,"minecraft:time_since_rest":96828,"minecraft:crouch_one_cm":2715,"minecraft:sprint_one_cm":495518,"minecraft:leave_game":3,"minecraft:play_time":112961,"minecraft:damage_taken":80,"minecraft:time_since_death":112961,"minecraft:walk_one_cm":208384,"minecraft:sleep_in_bed":1,"minecraft:sneak_time":2271,"minecraft:total_world_time":112961,"minecraft:drop":8,"minecraft:fall_one_cm":26390,"minecraft:fly_one_cm":35078}},"DataVersion":2975}