{"stats":{"minecraft:picked_up":{"minecraft:gunpowder":1},"minecraft:dropped":{"minecraft:gunpowder":2,"minecraft:bone":1},"minecraft:custom":{"minecraft:jump":56,"minecraft:time_since_rest":741916,"minecraft:damage_dealt":794,"minecraft:crouch_one_cm":2358,"minecraft:leave_game":6,"minecraft:sprint_one_cm":223915,"minecraft:play_time":741916,"minecraft:damage_taken":596,"minecraft:time_since_death":741916,"minecraft:walk_one_cm":205139,"minecraft:sneak_time":574,"minecraft:total_world_time":741916,"minecraft:drop":3,"minecraft:fly_one_cm":5073}},"DataVersion":2975}