{"stats":{"minecraft:mined":{"minecraft:oak_planks":1,"minecraft:oak_stairs":1,"minecraft:dark_oak_stairs":1},"minecraft:picked_up":{"minecraft:bone":1,"minecraft:oak_planks":1,"minecraft:oak_stairs":1},"minecraft:used":{"minecraft:oak_planks":1,"minecraft:netherite_axe":18,"minecraft:oak_stairs":1},"minecraft:custom":{"minecraft:jump":59,"minecraft:time_since_rest":32757,"minecraft:damage_dealt":192,"minecraft:crouch_one_cm":502,"minecraft:leave_game":3,"minecraft:sprint_one_cm":160801,"minecraft:play_time":32757,"minecraft:damage_taken":270,"minecraft:time_since_death":32757,"minecraft:walk_one_cm":60720,"minecraft:sneak_time":188,"minecraft:total_world_time":32757,"minecraft:fall_one_cm":418,"minecraft:fly_one_cm":8269}},"DataVersion":2975}