{"stats":{"minecraft:dropped":{"minecraft:enchanted_golden_apple":64},"minecraft:used":{"minecraft:pig_spawn_egg":8,"minecraft:netherite_sword":11,"minecraft:enchanted_golden_apple":1},"minecraft:custom":{"minecraft:jump":230,"minecraft:time_since_rest":33302,"minecraft:damage_dealt":795,"minecraft:crouch_one_cm":2550,"minecraft:leave_game":2,"minecraft:sprint_one_cm":209221,"minecraft:play_time":33302,"minecraft:damage_taken":1011,"minecraft:time_since_death":33302,"minecraft:walk_one_cm":43361,"minecraft:sneak_time":987,"minecraft:total_world_time":33302,"minecraft:mob_kills":8,"minecraft:drop":1,"minecraft:fall_one_cm":2090,"minecraft:fly_one_cm":196513},"minecraft:picked_up":{"minecraft:porkchop":14,"minecraft:enchanted_golden_apple":64},"minecraft:killed":{"minecraft:pig":8}},"DataVersion":2975}