{"stats":{"minecraft:picked_up":{"minecraft:leather_boots":2,"minecraft:leather_chestplate":2,"minecraft:stone_sword":2,"minecraft:leather_leggings":3,"minecraft:leather_helmet":3},"minecraft:dropped":{"minecraft:leather_leggings":3,"minecraft:stone_sword":2,"minecraft:leather_chestplate":2,"minecraft:leather_helmet":4,"minecraft:leather_boots":2},"minecraft:custom":{"minecraft:jump":113,"minecraft:time_since_rest":92080,"minecraft:damage_taken":520,"minecraft:crouch_one_cm":7463,"minecraft:sprint_one_cm":481378,"minecraft:play_time":92080,"minecraft:time_since_death":92080,"minecraft:walk_one_cm":178408,"minecraft:sneak_time":4385,"minecraft:total_world_time":92080,"minecraft:drop":13,"minecraft:fall_one_cm":1672,"minecraft:fly_one_cm":173228,"minecraft:leave_game":1}},"DataVersion":2975}