{"stats":{"minecraft:picked_up":{"minecraft:leather_boots":2,"minecraft:leather_chestplate":2,"minecraft:leather_leggings":2,"minecraft:leather_helmet":2},"minecraft:dropped":{"minecraft:leather_leggings":2,"minecraft:leather_chestplate":2,"minecraft:leather_helmet":2,"minecraft:leather_boots":2},"minecraft:custom":{"minecraft:jump":39,"minecraft:time_since_rest":95954,"minecraft:leave_game":1,"minecraft:crouch_one_cm":291,"minecraft:sprint_one_cm":582758,"minecraft:play_time":109997,"minecraft:time_since_death":109997,"minecraft:walk_one_cm":198231,"minecraft:sleep_in_bed":1,"minecraft:sneak_time":192,"minecraft:total_world_time":109997,"minecraft:drop":8,"minecraft:fall_one_cm":538,"minecraft:fly_one_cm":27176}},"DataVersion":2975}