{"stats":{"minecraft:used":{"minecraft:diorite_stairs":332,"minecraft:oak_trapdoor":31,"minecraft:purpur_block":450,"minecraft:nether_brick_fence":39,"minecraft:netherite_sword":12,"minecraft:blue_terracotta":32,"minecraft:granite_stairs":43,"minecraft:red_sand":12,"minecraft:polished_granite_stairs":60,"minecraft:acacia_log":10,"minecraft:polished_deepslate":333,"minecraft:orange_concrete":1625,"minecraft:chiseled_deepslate":4,"minecraft:redstone_ore":12,"minecraft:red_concrete":7,"minecraft:spruce_slab":156,"minecraft:polished_blackstone":42,"minecraft:light_blue_terracotta":1057,"minecraft:white_concrete_powder":6,"minecraft:spruce_planks":187,"minecraft:tinted_glass":21,"minecraft:white_terracotta":6,"minecraft:stone":31,"minecraft:brown_concrete":2,"minecraft:zombie_spawn_egg":6,"minecraft:white_shulker_box":1,"minecraft:red_nether_brick_stairs":9,"minecraft:deepslate_gold_ore":10,"minecraft:mossy_stone_brick_slab":30,"minecraft:smooth_sandstone_stairs":10,"minecraft:green_terracotta":28,"minecraft:cut_copper_stairs":28,"minecraft:light_gray_shulker_box":2,"minecraft:anvil":2,"minecraft:weathered_copper":22,"minecraft:red_nether_brick_slab":7,"minecraft:prismarine_bricks":10,"minecraft:jungle_slab":34,"minecraft:orange_wool":13,"minecraft:nether_bricks":3,"minecraft:shulker_box":1,"minecraft:deepslate_brick_slab":10,"minecraft:stone_stairs":18,"minecraft:deepslate_tile_slab":6,"minecraft:raw_iron_block":9,"minecraft:acacia_button":2,"minecraft:polished_granite_slab":28,"minecraft:cyan_wool":4,"minecraft:granite":5,"minecraft:light_blue_stained_glass":1,"minecraft:blue_concrete":4,"minecraft:stripped_spruce_log":18,"minecraft:mossy_cobblestone_stairs":6,"minecraft:polished_blackstone_slab":10,"minecraft:red_sandstone_stairs":12,"minecraft:glass":51,"minecraft:waxed_oxidized_copper":49,"minecraft:stone_brick_slab":16,"minecraft:brown_terracotta":4,"minecraft:dark_oak_planks":9,"minecraft:packed_ice":85,"minecraft:sea_lantern":40,"minecraft:cyan_terracotta":35,"minecraft:bricks":21,"minecraft:coal_ore":11,"minecraft:red_wool":3,"minecraft:quartz_slab":41,"minecraft:waxed_cut_copper":130,"minecraft:black_stained_glass_pane":22,"minecraft:iron_block":23,"minecraft:oak_stairs":49,"minecraft:brick_stairs":3,"minecraft:green_wool":5,"minecraft:polished_andesite_stairs":13,"minecraft:crimson_slab":54,"minecraft:dark_oak_slab":81,"minecraft:polished_blackstone_brick_stairs":5,"minecraft:mossy_cobblestone_slab":119,"minecraft:raw_gold_block":13,"minecraft:pink_wool":1,"minecraft:crimson_planks":95,"minecraft:stone_brick_stairs":7,"minecraft:prismarine_slab":3,"minecraft:stone_bricks":19,"minecraft:item_frame":121,"minecraft:slime_spawn_egg":165,"minecraft:smooth_basalt":3,"minecraft:waxed_cut_copper_slab":2,"minecraft:bedrock":1,"minecraft:light_gray_wool":34,"minecraft:purple_concrete":2,"minecraft:glowstone":4,"minecraft:redstone_lamp":8,"minecraft:infested_mossy_stone_bricks":3,"minecraft:lime_concrete":8,"minecraft:warped_stairs":9,"minecraft:black_stained_glass":72,"minecraft:magenta_wool":6,"minecraft:emerald_block":135,"minecraft:magenta_terracotta":4,"minecraft:polished_diorite_stairs":9,"minecraft:cyan_concrete_powder":305,"minecraft:zombified_piglin_spawn_egg":5,"minecraft:cobbled_deepslate":19,"minecraft:acacia_planks":5,"minecraft:orange_terracotta":75,"minecraft:brown_concrete_powder":63,"minecraft:deepslate_emerald_ore":28,"minecraft:chiseled_polished_blackstone":7,"minecraft:dark_oak_stairs":18,"minecraft:emerald_ore":18,"minecraft:mossy_stone_bricks":6,"minecraft:diorite":126,"minecraft:leather_leggings":2,"minecraft:amethyst_block":9,"minecraft:iron_ore":129,"minecraft:cobblestone_stairs":4,"minecraft:sandstone_stairs":3,"minecraft:stripped_acacia_log":21,"minecraft:prismarine_brick_slab":1,"minecraft:stripped_birch_log":27,"minecraft:birch_planks":2,"minecraft:cut_copper_slab":49,"minecraft:blackstone":24,"minecraft:lime_wool":40,"minecraft:prismarine_stairs":23,"minecraft:polished_andesite":19,"minecraft:prismarine":8,"minecraft:jungle_fence":46,"minecraft:oak_planks":9,"minecraft:birch_wood":27,"minecraft:andesite_slab":10,"minecraft:blue_wool":4,"minecraft:polished_diorite_slab":44,"minecraft:smooth_sandstone_slab":14,"minecraft:sandstone":2,"minecraft:redstone_block":69,"minecraft:cut_sandstone":5,"minecraft:end_stone_brick_slab":4,"minecraft:spruce_sign":22,"minecraft:glow_ink_sac":13,"minecraft:clay":14,"minecraft:leather_boots":1,"minecraft:cobblestone_slab":14,"minecraft:gold_ore":17,"minecraft:deepslate_bricks":19,"minecraft:cracked_stone_bricks":16,"minecraft:polished_blackstone_bricks":12,"minecraft:gilded_blackstone":23,"minecraft:pink_concrete":3,"minecraft:sand":24,"minecraft:polished_deepslate_slab":1,"minecraft:mossy_cobblestone":3,"minecraft:diamond_block":4,"minecraft:purpur_stairs":1,"minecraft:lime_terracotta":1042,"minecraft:terracotta":31,"minecraft:yellow_terracotta":66,"minecraft:waxed_weathered_cut_copper_slab":33,"minecraft:light_gray_terracotta":601,"minecraft:yellow_concrete":3,"minecraft:blue_ice":2,"minecraft:oxidized_cut_copper_slab":1,"minecraft:light_gray_concrete_powder":16,"minecraft:purple_terracotta":319,"minecraft:spruce_log":18,"minecraft:infested_stone_bricks":5,"minecraft:smooth_red_sandstone_stairs":5,"minecraft:cobbled_deepslate_stairs":1,"minecraft:warped_planks":1,"minecraft:deepslate_tiles":13,"minecraft:oak_log":13,"minecraft:black_terracotta":208,"minecraft:dark_prismarine":7,"minecraft:gray_terracotta":654,"minecraft:netherite_block":20,"minecraft:green_concrete":2,"minecraft:lever":3,"minecraft:light":311,"minecraft:acacia_stairs":5,"minecraft:black_wool":811,"minecraft:daylight_detector":1,"minecraft:chiseled_sandstone":9,"minecraft:light_gray_concrete":131,"minecraft:command_block":13,"minecraft:birch_slab":3,"minecraft:cracked_polished_blackstone_bricks":13,"minecraft:deepslate_iron_ore":2,"minecraft:barrier":2494,"minecraft:brown_wool":7,"minecraft:map":7,"minecraft:stone_button":12,"minecraft:netherite_axe":9,"minecraft:jungle_stairs":6,"minecraft:cracked_nether_bricks":5,"minecraft:leather_helmet":4,"minecraft:stone_slab":15,"minecraft:red_terracotta":1,"minecraft:cut_red_sandstone":175,"minecraft:deepslate":6,"minecraft:polished_andesite_slab":8,"minecraft:yellow_wool":44,"minecraft:blackstone_slab":5,"minecraft:granite_slab":23,"minecraft:chiseled_stone_bricks":2,"minecraft:smooth_red_sandstone_slab":7,"minecraft:coal_block":8,"minecraft:cobblestone":7,"minecraft:crimson_stairs":2,"minecraft:cobbled_deepslate_slab":15,"minecraft:stripped_oak_wood":4,"minecraft:birch_log":11,"minecraft:andesite_stairs":77,"minecraft:sandstone_slab":5,"minecraft:lapis_block":51,"minecraft:repeating_command_block":1,"minecraft:smooth_stone_slab":2,"minecraft:polished_blackstone_button":1,"minecraft:stripped_oak_log":74,"minecraft:gray_wool":8,"minecraft:birch_stairs":5,"minecraft:smooth_stone":105,"minecraft:purple_wool":19,"minecraft:diorite_slab":10},"minecraft:dropped":{"minecraft:dark_oak_stairs":1,"minecraft:birch_planks":1,"minecraft:wheat_seeds":1,"minecraft:oak_slab":1,"minecraft:sandstone_stairs":1,"minecraft:dark_oak_slab":1,"minecraft:sandstone_slab":1,"minecraft:orange_tulip":2,"minecraft:dark_prismarine_slab":1,"minecraft:barrier":1,"minecraft:purple_dye":1,"minecraft:cut_sandstone_slab":1,"minecraft:birch_slab":1,"minecraft:leather_helmet":1,"minecraft:stick":1,"minecraft:cobblestone_stairs":1,"minecraft:oxeye_daisy":1,"minecraft:jungle_slab":1,"minecraft:warped_slab":1,"minecraft:wooden_sword":1,"minecraft:prismarine_slab":1,"minecraft:acacia_planks":1,"minecraft:end_crystal":1,"minecraft:stone_brick_slab":1,"minecraft:bone":1,"minecraft:nether_brick_slab":1,"minecraft:smooth_stone_slab":1,"minecraft:stone_sword":1,"minecraft:deepslate_brick_slab":1,"minecraft:oak_planks":1,"minecraft:stone_slab":1,"minecraft:cobblestone_slab":1,"minecraft:gunpowder":1,"minecraft:brick_stairs":1,"minecraft:crimson_slab":1,"minecraft:acacia_slab":1,"minecraft:leather_boots":2,"minecraft:leather_leggings":2,"minecraft:spruce_slab":1,"minecraft:brick_slab":1,"minecraft:stone_brick_stairs":1,"minecraft:red_sandstone_stairs":1},"minecraft:picked_up":{"minecraft:sandstone_slab":1,"minecraft:red_sandstone_stairs":1,"minecraft:leather_leggings":2,"minecraft:pink_wool":5,"minecraft:stone_brick_stairs":1,"minecraft:string":1,"minecraft:wooden_sword":1,"minecraft:smooth_stone_slab":1,"minecraft:item_frame":33,"minecraft:magenta_wool":2,"minecraft:white_tulip":1,"minecraft:cobblestone_slab":1,"minecraft:warped_slab":1,"minecraft:spruce_slab":1,"minecraft:blue_wool":3,"minecraft:stick":1,"minecraft:porkchop":10,"minecraft:end_crystal":1,"minecraft:light_blue_wool":1,"minecraft:arrow":4,"minecraft:stone_sword":1,"minecraft:command_block":1,"minecraft:rotten_flesh":2,"minecraft:blue_dye":1,"minecraft:sandstone_stairs":1,"minecraft:red_tulip":7,"minecraft:netherite_chestplate":1,"minecraft:brick_stairs":1,"minecraft:crimson_slab":1,"minecraft:feather":1,"minecraft:barrier":1,"minecraft:purple_dye":1,"minecraft:prismarine_slab":1,"minecraft:birch_slab":1,"minecraft:birch_planks":1,"minecraft:gunpowder":2,"minecraft:cobblestone_stairs":1,"minecraft:netherite_leggings":1,"minecraft:cut_sandstone_slab":1,"minecraft:bone":3,"minecraft:acacia_planks":1,"minecraft:stone_bricks":1,"minecraft:wheat_seeds":1,"minecraft:orange_tulip":6,"minecraft:deepslate_brick_slab":1,"minecraft:mossy_stone_bricks":4,"minecraft:oak_planks":1,"minecraft:dark_oak_stairs":2,"minecraft:oak_slab":1,"minecraft:dark_oak_slab":1,"minecraft:stone_brick_slab":1,"minecraft:light_blue_stained_glass":1,"minecraft:nether_brick_slab":1,"minecraft:jungle_slab":1,"minecraft:leather_helmet":2,"minecraft:brick_slab":1,"minecraft:dark_prismarine_slab":1,"minecraft:slime_ball":6,"minecraft:netherite_helmet":2,"minecraft:lever":3,"minecraft:acacia_slab":1,"minecraft:black_wool":1,"minecraft:nether_star":2},"minecraft:custom":{"minecraft:mob_kills":10,"minecraft:interact_with_anvil":3,"minecraft:open_shulker_box":24,"minecraft:leave_game":140,"minecraft:time_since_death":3581768,"minecraft:sprint_one_cm":3694560,"minecraft:walk_one_cm":5450560,"minecraft:drop":45,"minecraft:sneak_time":55262,"minecraft:play_time":8645274,"minecraft:deaths":26,"minecraft:jump":6799,"minecraft:total_world_time":8645274,"minecraft:sleep_in_bed":1,"minecraft:time_since_rest":1584722,"minecraft:damage_taken":15555,"minecraft:damage_dealt":8178,"minecraft:fly_one_cm":9606819,"minecraft:crouch_one_cm":159618,"minecraft:fall_one_cm":152616},"minecraft:killed":{"minecraft:spider":1,"minecraft:wither":2,"minecraft:skeleton":3,"minecraft:creeper":1,"minecraft:zombie":3}},"DataVersion":2975}