{"stats":{"minecraft:picked_up":{"minecraft:leather_boots":4},"minecraft:dropped":{"minecraft:leather_boots":2},"minecraft:custom":{"minecraft:jump":48,"minecraft:time_since_rest":79477,"minecraft:crouch_one_cm":5250,"minecraft:play_time":79477,"minecraft:leave_game":4,"minecraft:sprint_one_cm":341278,"minecraft:damage_taken":4920,"minecraft:time_since_death":79477,"minecraft:walk_one_cm":149330,"minecraft:sneak_time":2476,"minecraft:total_world_time":79477,"minecraft:drop":2,"minecraft:fall_one_cm":836,"minecraft:fly_one_cm":237848}},"DataVersion":2975}