{"stats":{"minecraft:killed":{"minecraft:wandering_trader":1},"minecraft:custom":{"minecraft:mob_kills":2,"minecraft:interact_with_anvil":4,"minecraft:open_shulker_box":27,"minecraft:leave_game":4,"minecraft:time_since_death":1111,"minecraft:time_since_rest":1117,"minecraft:sprint_one_cm":689567,"minecraft:damage_taken":590,"minecraft:walk_one_cm":1177864,"minecraft:drop":161,"minecraft:damage_dealt":324,"minecraft:talked_to_villager":1,"minecraft:fly_one_cm":2305089,"minecraft:crouch_one_cm":60058,"minecraft:play_time":604727,"minecraft:sneak_time":18402,"minecraft:deaths":7,"minecraft:jump":1864,"minecraft:total_world_time":674164,"minecraft:fall_one_cm":5612,"minecraft:horse_one_cm":1252},"minecraft:dropped":{"minecraft:wheat_seeds":1864,"minecraft:wheat":12,"minecraft:feather":833,"minecraft:barrier":1,"minecraft:leather":15,"minecraft:damaged_anvil":15,"minecraft:name_tag":1223,"minecraft:command_block":14,"minecraft:chiseled_deepslate":1,"minecraft:gold_block":16,"minecraft:orange_terracotta":1,"minecraft:cracked_deepslate_tiles":2,"minecraft:stone_brick_stairs":1,"minecraft:smooth_basalt":1},"minecraft:used":{"minecraft:nether_brick_fence":49,"minecraft:purpur_block":24,"minecraft:mossy_stone_bricks":9,"minecraft:netherite_sword":2,"minecraft:blue_terracotta":230,"minecraft:damaged_anvil":2,"minecraft:prismarine_brick_slab":7,"minecraft:polished_deepslate":34,"minecraft:orange_concrete":830,"minecraft:chiseled_deepslate":8,"minecraft:birch_planks":117,"minecraft:jungle_fence":96,"minecraft:red_concrete":5,"minecraft:polished_blackstone":9,"minecraft:prismarine":5,"minecraft:lime_wool":29,"minecraft:oak_planks":218,"minecraft:birch_wood":30,"minecraft:light_blue_terracotta":1289,"minecraft:blue_wool":8,"minecraft:spruce_planks":116,"minecraft:tinted_glass":62,"minecraft:brown_concrete":7,"minecraft:stone":1,"minecraft:white_shulker_box":2,"minecraft:clay":42,"minecraft:deepslate_bricks":16,"minecraft:cracked_stone_bricks":2,"minecraft:polished_blackstone_bricks":3,"minecraft:pink_concrete":8,"minecraft:mossy_cobblestone":28,"minecraft:diamond_block":46,"minecraft:lime_terracotta":163,"minecraft:sand":185,"minecraft:terracotta":192,"minecraft:yellow_terracotta":38,"minecraft:light_blue_concrete":9,"minecraft:prismarine_bricks":241,"minecraft:cracked_deepslate_tiles":8,"minecraft:light_gray_terracotta":133,"minecraft:yellow_concrete":12,"minecraft:orange_wool":40,"minecraft:shulker_box":2,"minecraft:oak_wood":24,"minecraft:light_gray_concrete_powder":536,"minecraft:cyan_wool":7,"minecraft:light_blue_stained_glass":1,"minecraft:warped_planks":228,"minecraft:glass":9,"minecraft:brown_terracotta":176,"minecraft:deepslate_tiles":10,"minecraft:oak_log":38,"minecraft:stone_brick_slab":4,"minecraft:black_terracotta":56,"minecraft:dark_prismarine":8,"minecraft:gray_terracotta":766,"minecraft:netherite_block":180,"minecraft:green_concrete":3,"minecraft:light":28,"minecraft:black_wool":1884,"minecraft:cyan_terracotta":62,"minecraft:lava_bucket":57,"minecraft:command_block":1,"minecraft:red_wool":2,"minecraft:light_gray_concrete":68,"minecraft:cracked_polished_blackstone_bricks":8,"minecraft:oak_stairs":141,"minecraft:barrier":983,"minecraft:brown_wool":17,"minecraft:map":8,"minecraft:green_wool":13,"minecraft:cyan_concrete":2,"minecraft:stone_slab":5,"minecraft:dark_oak_slab":47,"minecraft:red_terracotta":3,"minecraft:light_blue_bed":10,"minecraft:raw_gold_block":50,"minecraft:stone_brick_stairs":21,"minecraft:stone_bricks":15,"minecraft:yellow_wool":28,"minecraft:item_frame":71,"minecraft:smooth_basalt":2,"minecraft:light_gray_wool":74,"minecraft:chiseled_stone_bricks":3,"minecraft:purple_concrete":3,"minecraft:glowstone":35,"minecraft:lime_concrete":8,"minecraft:magenta_wool":5,"minecraft:magenta_terracotta":295,"minecraft:birch_log":14,"minecraft:gold_block":41,"minecraft:dead_bubble_coral_block":1,"minecraft:gray_wool":38,"minecraft:orange_terracotta":39,"minecraft:brown_concrete_powder":97,"minecraft:purple_wool":7},"minecraft:picked_up":{"minecraft:cracked_deepslate_tiles":2,"minecraft:chiseled_deepslate":1,"minecraft:barrier":1,"minecraft:wheat":12,"minecraft:feather":833,"minecraft:leather":15,"minecraft:filled_map":7,"minecraft:gold_block":16,"minecraft:stone_brick_stairs":1,"minecraft:name_tag":1223,"minecraft:orange_terracotta":1,"minecraft:item_frame":15,"minecraft:magenta_wool":1,"minecraft:stone_bricks":3,"minecraft:wheat_seeds":1864,"minecraft:smooth_basalt":1,"minecraft:light_blue_stained_glass":1,"minecraft:shulker_box":1,"minecraft:command_block":14,"minecraft:damaged_anvil":15,"minecraft:white_shulker_box":1}},"DataVersion":2975}