{"stats":{"minecraft:used":{"minecraft:netherite_axe":6},"minecraft:custom":{"minecraft:jump":375,"minecraft:time_since_rest":38410,"minecraft:damage_dealt":141,"minecraft:crouch_one_cm":1270,"minecraft:leave_game":2,"minecraft:sprint_one_cm":412515,"minecraft:play_time":38410,"minecraft:damage_taken":2060,"minecraft:time_since_death":38410,"minecraft:walk_one_cm":90459,"minecraft:sneak_time":612,"minecraft:total_world_time":38410,"minecraft:fall_one_cm":5285,"minecraft:fly_one_cm":167701}},"DataVersion":2975}