{"stats":{"minecraft:picked_up":{"minecraft:leather_boots":2,"minecraft:stone_sword":1,"minecraft:leather_helmet":2},"minecraft:dropped":{"minecraft:leather_helmet":2,"minecraft:leather_boots":2},"minecraft:custom":{"minecraft:jump":96,"minecraft:time_since_rest":50756,"minecraft:crouch_one_cm":2746,"minecraft:play_time":113673,"minecraft:leave_game":2,"minecraft:sprint_one_cm":655108,"minecraft:time_since_death":113673,"minecraft:walk_one_cm":172424,"minecraft:sleep_in_bed":2,"minecraft:sneak_time":2110,"minecraft:total_world_time":113673,"minecraft:drop":4,"minecraft:fall_one_cm":9441,"minecraft:fly_one_cm":27658}},"DataVersion":2975}