{"stats":{"minecraft:used":{"minecraft:leather_helmet":1,"minecraft:leather_boots":1},"minecraft:custom":{"minecraft:jump":5572,"minecraft:time_since_rest":41239,"minecraft:crouch_one_cm":9737,"minecraft:leave_game":1,"minecraft:sprint_one_cm":877598,"minecraft:play_time":118435,"minecraft:time_since_death":118435,"minecraft:walk_one_cm":232036,"minecraft:sleep_in_bed":1,"minecraft:sneak_time":2441,"minecraft:total_world_time":118435,"minecraft:fall_one_cm":5986,"minecraft:fly_one_cm":69840}},"DataVersion":2975}