{"stats":{"minecraft:used":{"minecraft:leather_helmet":1,"minecraft:leather_chestplate":1,"minecraft:leather_leggings":1,"minecraft:leather_boots":1},"minecraft:custom":{"minecraft:jump":119,"minecraft:time_since_rest":25458,"minecraft:crouch_one_cm":522,"minecraft:leave_game":1,"minecraft:sprint_one_cm":211340,"minecraft:play_time":25458,"minecraft:time_since_death":25458,"minecraft:walk_one_cm":35075,"minecraft:sneak_time":237,"minecraft:total_world_time":25458,"minecraft:fall_one_cm":1045,"minecraft:fly_one_cm":8946}},"DataVersion":2975}