{
  "minecraft:recipes/misc/charcoal": {
    "criteria": {
      "has_log": "2024-04-27 01:21:11 +0000"
    },
    "done": true
  },
  "minecraft:recipes/building_blocks/oak_planks": {
    "criteria": {
      "has_logs": "2024-04-27 01:21:11 +0000"
    },
    "done": true
  },
  "minecraft:recipes/decorations/chest": {
    "criteria": {
      "has_lots_of_items": "2024-04-27 01:19:02 +0000"
    },
    "done": true
  },
  "minecraft:recipes/building_blocks/oak_wood": {
    "criteria": {
      "has_log": "2024-04-27 01:21:11 +0000"
    },
    "done": true
  },
  "minecraft:adventure/adventuring_time": {
    "criteria": {
      "minecraft:stony_shore": "2024-04-27 01:11:08 +0000",
      "minecraft:jungle": "2024-04-27 01:00:05 +0000",
      "minecraft:plains": "2024-04-27 00:57:12 +0000"
    },
    "done": false
  },
  "minecraft:recipes/misc/bone_meal": {
    "criteria": {
      "has_bone": "2024-04-27 01:00:04 +0000"
    },
    "done": true
  },
  "DataVersion": 2975
}