{
  "minecraft:recipes/misc/firework_rocket_simple": {
    "criteria": {
      "has_gunpowder": "2024-04-28 23:31:23 +0000"
    },
    "done": true
  },
  "minecraft:recipes/redstone/tnt": {
    "criteria": {
      "has_gunpowder": "2024-04-28 23:31:23 +0000"
    },
    "done": true
  },
  "minecraft:recipes/decorations/chest": {
    "criteria": {
      "has_lots_of_items": "2024-04-28 22:36:15 +0000"
    },
    "done": true
  },
  "minecraft:adventure/adventuring_time": {
    "criteria": {
      "minecraft:stony_shore": "2024-04-28 22:41:20 +0000",
      "minecraft:jungle": "2024-04-28 22:36:14 +0000",
      "minecraft:plains": "2024-04-28 22:21:11 +0000"
    },
    "done": false
  },
  "DataVersion": 2975
}