{
  "minecraft:adventure/sleep_in_bed": {
    "criteria": {
      "slept_in_bed": "2024-04-27 21:14:36 +0000"
    },
    "done": true
  },
  "minecraft:recipes/decorations/chest": {
    "criteria": {
      "has_lots_of_items": "2024-04-27 21:08:26 +0000"
    },
    "done": true
  },
  "minecraft:adventure/adventuring_time": {
    "criteria": {
      "minecraft:stony_shore": "2024-04-27 21:29:22 +0000",
      "minecraft:jungle": "2024-04-27 21:08:25 +0000",
      "minecraft:plains": "2024-04-27 21:02:59 +0000"
    },
    "done": false
  },
  "DataVersion": 2975
}