{
  "minecraft:recipes/misc/firework_rocket_simple": {
    "criteria": {
      "has_gunpowder": "2024-04-27 22:00:08 +0000"
    },
    "done": true
  },
  "minecraft:recipes/redstone/tnt": {
    "criteria": {
      "has_gunpowder": "2024-04-27 22:00:08 +0000"
    },
    "done": true
  },
  "minecraft:recipes/decorations/chest": {
    "criteria": {
      "has_lots_of_items": "2024-04-27 21:43:55 +0000"
    },
    "done": true
  },
  "minecraft:adventure/adventuring_time": {
    "criteria": {
      "minecraft:stony_shore": "2024-04-27 21:30:04 +0000",
      "minecraft:jungle": "2024-04-27 21:27:09 +0000",
      "minecraft:plains": "2024-04-26 00:58:35 +0000"
    },
    "done": false
  },
  "DataVersion": 2975
}